absolute_humidity_2m:gm3,air_density_2m:kgm3,ceiling_height_agl:m,clear_sky_energy_1h:J,clear_sky_rad:W,cloud_base_agl:m,dew_or_rime:idx,dew_point_2m:K,diffuse_rad:W,diffuse_rad_1h:J,direct_rad:W,direct_rad_1h:J,effective_cloud_cover:p,elevation:m,fresh_snow_12h:cm,fresh_snow_1h:cm,fresh_snow_24h:cm,fresh_snow_3h:cm,fresh_snow_6h:cm,is_day:idx,is_in_shadow:idx,msl_pressure:hPa,precip_5min:mm,precip_type_5min:idx,pressure_100m:hPa,pressure_50m:hPa,prob_rime:p,rain_water:kgm2,relative_humidity_1000hPa:p,sfc_pressure:hPa,snow_density:kgm3,snow_depth:cm,snow_drift:idx,snow_melt_10min:mm,snow_water:kgm2,sun_azimuth:d,sun_elevation:d,super_cooled_liquid_water:kgm2,t_1000hPa:K,total_cloud_cover:p,visibility:m,wind_speed_10m:ms,wind_speed_u_10m:ms,wind_speed_v_10m:ms,wind_speed_w_1000hPa:ms,pv_measurement
3.525,1.262,1578.5554,38583.65,18.225,1036.9,0.0,268.85,16.275,34691.9,7.55,13622.675,40.8,7.0,0.0,0.0,0.0,0.0,0.0,1.0,0.0,993.525,0.0,0.0,980.475,986.625,0.0,0.0,65.424995,992.8,250.0,1.9,0.0,0.0,0.0,166.76599,2.41875,0.0,275.4,41.375,57043.273,5.4,2.65,4.7,0.0,0.49406876480624995
3.4,1.26,2695.65,80402.75,24.35,2300.425,0.0,268.425,22.25,69383.08,9.775,31194.076,56.625,7.0,0.0,0.0,0.0,0.0,0.0,1.0,0.0,993.65,0.0,0.0,980.57495,986.725,0.0,0.0,61.725,992.875,250.0,1.9,0.0,0.0,0.0,180.55975,3.15875,0.0,275.375,65.7,58677.477,6.15,3.2,5.275,0.0,0.142815618028125
2.45,1.29775,3665.5,0.0,0.0,3338.375,0.0,264.6,0.0,0.0,0.0,0.0,53.3,7.0,1.5,0.0,2.4,0.0,0.0,0.0,1.0,997.42505,0.0,0.0,984.025,990.35,0.0,0.0,81.0,996.675,250.0,0.2,0.0,0.0,0.0,15.04725,-29.619999,0.0,269.17502,53.3,40456.2,3.4,1.625,3.0,0.0,-0.0
2.325,1.29975,3705.075,0.0,0.0,3196.5,0.0,263.95,0.0,0.0,0.0,0.0,61.600002,7.0,1.175,0.0,2.4,0.0,0.0,0.0,1.0,997.275,0.0,0.0,983.85,990.175,0.0,0.0,80.625,996.55,250.0,0.2,0.0,0.0,0.0,31.8275,-26.9565,0.0,268.975,61.600002,40622.652,3.6,1.375,3.3,0.0,-0.0
2.275,1.30075,3613.1,0.0,0.0,3243.7,0.0,263.65,0.0,0.0,0.0,0.0,81.35,7.0,0.575,0.0,2.4,0.0,0.0,0.0,1.0,997.1,0.0,0.0,983.675,990.0,0.0,0.0,80.15,996.35,250.0,0.2,0.0,0.0,0.0,47.68675,-22.67425,0.0,268.75,81.35,39972.977,3.5,1.45,3.175,0.0,-0.0
2.2,1.3017501,3492.75,0.0,0.0,3184.0,0.0,263.325,0.0,0.0,0.0,0.0,80.5,7.0,0.1,0.0,2.4,0.0,0.0,0.0,1.0,996.9,0.0,0.0,983.5,989.8,0.0,0.0,79.9,996.2,250.0,0.2,0.0,0.0,0.0,62.558002,-17.181,0.0,268.575,80.5,39176.977,3.375,1.3,3.1,0.0,-0.0
2.175,1.303,3605.55,0.0,0.0,3283.475,0.0,263.05,0.0,0.0,0.0,0.0,76.6,7.0,0.0,0.0,2.4,0.0,0.0,0.0,1.0,996.675,0.0,0.0,983.275,989.65,0.0,0.0,79.625,996.0,250.0,0.2,0.0,0.0,0.0,76.62625,-10.9055,0.0,268.6,76.6,41038.727,3.3,1.225,3.1,0.0,-0.0
2.1,1.304,3839.075,0.0,0.0,3566.725,0.0,262.75,0.0,0.0,0.0,0.0,80.775,7.0,0.0,0.0,2.4,0.0,0.0,0.0,1.0,996.375,0.0,0.0,982.95,989.275,0.0,0.0,78.9,995.675,250.0,0.2,0.0,0.0,0.0,90.212,-4.25375,0.0,268.7,80.775,41487.074,3.275,1.1,3.0749998,0.0,-0.0
2.025,1.3052499,3951.75,18289.6,19.25,3553.275,0.0,262.275,14.475,26099.35,9.35,16846.3,74.25,7.0,0.0,0.0,2.4,0.0,0.0,0.75,0.5,996.225,0.0,0.0,982.825,989.175,0.0,0.0,76.75,995.55,250.0,0.1,0.0,0.0,0.0,103.682,2.39275,0.0,268.75,74.25,42309.926,3.25,1.05,3.1,0.0,1.1952453434421875
2.0,1.3025,4050.6,197401.25,97.825,3596.4,0.0,261.85,54.449997,124098.84,65.0,133828.75,66.05,7.0,0.0,0.0,2.4,0.0,0.0,1.0,0.0,996.15,0.0,0.0,982.8,989.1,0.0,0.0,70.475,995.5,250.0,0.1,0.0,0.0,0.0,117.391754,8.663,0.0,268.82498,66.05,45340.6,3.225,1.05,3.05,0.0,2.390490686884375
1.95,1.2965,4095.6748,534180.56,198.925,3741.3,0.0,261.67502,82.1,245737.42,138.95,367081.12,71.25,7.0,0.0,0.0,2.4,0.0,0.0,1.0,0.0,996.25,0.0,0.0,982.8,989.1,0.0,0.0,62.55,995.45,250.0,0.1,0.0,0.0,0.0,131.63925,14.181,0.0,268.875,71.25,48673.7,3.0,1.2,2.8,0.0,11.932687455796875
2.0,1.29,4149.5996,881963.44,287.175,3473.65,0.0,261.825,105.0,336750.9,196.25,603337.44,59.125,7.0,0.0,0.0,2.4,0.0,0.0,1.0,0.0,996.125,0.0,0.0,982.7,989.0,0.0,0.0,56.949997,995.325,250.0,0.1,0.0,0.0,0.0,146.60475,18.56425,0.0,269.225,59.975,50656.3,3.2,1.1,3.0,0.0,22.355713117909374
2.15,1.2820001,4270.975,1150710.0,346.5,2087.35,0.0,262.7,124.875,413795.0,224.75,757826.4,80.825,7.0,0.0,0.0,2.4,0.0,0.0,1.0,0.0,996.0,0.0,0.0,982.7,988.975,0.0,0.0,53.95,995.2,250.0,0.1,0.0,0.0,0.0,162.2785,21.45425,0.0,270.175,82.05,49754.7,3.75,2.0500002,3.05,0.0,35.60536577550626
2.45,1.27625,4358.625,1300544.0,369.625,762.8,0.0,264.15,172.15,534633.9,151.45001,677232.4,92.925,7.0,0.0,0.0,1.95,0.0,0.0,1.0,0.0,996.07495,0.0,0.0,982.8,989.025,0.0,0.0,55.5,995.275,250.0,0.1,0.0,0.0,0.0,178.41776,22.57725,0.0,271.1,93.525,41988.875,4.5,3.9,2.2,0.0,32.88856379684062
2.5749998,1.276,3812.6,1314108.8,353.975,778.525,0.0,264.8,184.125,641284.56,84.475,424708.2,99.825,7.0,0.0,0.0,1.5,0.0,0.0,1.0,0.0,996.2,0.0,0.0,982.9,989.1,0.0,0.0,58.225,995.4,250.0,0.1,0.0,0.0,0.1,194.60275,21.818,0.0,271.2,99.875,27332.55,5.1,4.8,1.775,0.0,24.13210359951875
2.6,1.27625,3566.775,1189946.0,301.275,1330.925,0.0,264.9,177.375,650680.75,27.2,200992.47,100.0,7.0,0.0,0.0,1.175,0.0,0.0,1.0,0.0,996.3,0.0,0.0,983.0,989.225,0.0,0.0,59.275,995.45,250.0,0.1,0.0,0.0,0.1,210.393,19.25475,0.0,271.15002,100.0,25485.875,5.225,4.925,1.7,0.0,13.476490848674999
2.6,1.277,3617.35,942102.06,217.79999,2166.05,0.0,265.0,137.9,567487.0,14.150001,74407.375,100.0,7.0,0.0,0.0,0.575,0.0,0.0,1.0,0.0,996.5,0.0,0.0,983.2,989.4,0.0,0.0,59.7,995.675,250.0,0.1,0.0,0.0,0.1,225.50475,15.1362505,0.0,271.1,100.0,36900.176,5.1,4.8500004,1.65,0.0,6.99580945018125
2.6,1.278,3686.025,604918.1,117.175,2766.25,0.0,265.025,85.05,401331.75,3.875,32402.45,99.7,7.0,0.0,0.0,0.1,0.0,0.0,1.0,0.0,996.6,0.0,0.0,983.25,989.5,0.0,0.0,60.7,995.75,250.0,0.075,0.0,0.0,0.05,239.8825,9.80925,0.0,271.05,99.775,41372.55,5.0,4.75,1.625,0.0,4.5141813974875005
2.675,1.2885001,2096.95,0.0,0.0,572.95,0.0,265.5,0.0,0.0,0.0,0.0,99.8,7.0,2.75,0.625,2.95,1.75,2.55,0.0,1.0,997.275,0.0,0.0,983.85,990.1,0.0,0.0,76.875,996.425,250.0,0.675,0.0,0.0,0.15,15.06975,-29.2225,0.025,269.2,100.0,10383.05,5.45,4.25,3.45,0.0,-0.0
2.7,1.2885001,1856.65,0.0,0.0,523.15,0.0,265.65002,0.0,0.0,0.0,0.0,98.6,7.0,3.2,0.375,3.4,1.675,2.55,0.0,1.0,997.75,0.0,0.0,984.35,990.65,0.0,0.0,77.325,996.95,250.0,0.775,0.0,0.0,0.125,31.79475,-26.55925,0.05,269.2,99.675,7869.775,5.3250003,4.475,2.9,0.0,-0.0
2.7,1.2887499,2614.9,0.0,0.0,554.9,0.0,265.6,0.0,0.0,0.0,0.0,94.15,7.0,3.3,0.075,3.475,1.075,2.5,0.0,1.0,998.15,0.0,0.0,984.75,991.05,0.0,0.0,76.525,997.35,250.0,0.8,0.0,0.0,0.0,47.61325,-22.28175,0.0,269.225,97.35,10655.475,5.2,4.45,2.75,0.0,-0.0
2.6,1.29,678.55,0.0,0.0,542.35,0.0,265.375,0.0,0.0,0.0,0.0,99.35,7.0,3.3,0.0,3.475,0.45,2.275,0.0,1.0,998.55,0.0,0.0,985.15,991.45,0.0,0.0,76.325,997.75,250.0,0.9,0.0,0.0,0.0,62.45775,-16.79425,0.025,269.075,99.625,13016.55,5.05,4.05,2.95,0.0,-0.0
2.625,1.29,759.65,0.0,0.0,604.95,0.0,265.34998,0.0,0.0,0.0,0.0,99.8,7.0,3.3,0.0,3.475,0.075,1.75,0.0,1.0,998.95,0.0,0.0,985.6,991.85,0.0,0.0,75.125,998.2,250.0,0.9,0.0,0.0,0.0,76.51225,-10.5235,0.0,269.1,99.95,16613.75,4.8500004,3.875,2.85,0.0,-0.0
2.6,1.2904999,2110.2,0.0,0.0,716.175,0.0,265.05,0.0,0.0,0.0,0.0,99.875,7.0,3.075,0.0,3.475,0.0,1.075,0.0,1.0,999.25,0.0,0.0,985.875,992.15,0.0,0.0,73.525,998.475,250.0,0.9,0.0,0.0,0.05,90.09425,-3.8735,0.0,269.1,100.0,17465.75,5.05,3.9499998,3.2,0.0,-0.0
2.525,1.291,3773.4001,23307.15,22.55,749.175,0.0,264.9,12.975,23337.701,0.125,195.15,99.9,7.0,3.0,0.0,3.475,0.0,0.45,1.0,0.25,999.35,0.0,0.0,985.95,992.25,0.0,0.0,72.75,998.55,250.0,0.9,0.0,0.0,0.175,103.56975,2.775,0.0,269.1,100.0,15063.95,5.45,4.45,3.175,0.0,0.8073000423343749
2.6,1.291,3050.95,215116.3,104.200005,716.325,0.0,265.0,49.9,113114.1,0.225,622.05,99.775,7.0,3.0,0.375,3.775,0.375,0.45,1.0,0.0,999.525,0.0,0.0,986.15,992.45,0.0,0.0,72.475,998.75,250.0,0.9,0.0,0.0,0.2,117.29425,9.05,0.0,269.1,100.0,14816.85,5.75,4.9,3.05,0.0,2.323646899796875
2.6,1.289,2952.8,559855.1,206.6,975.875,0.0,264.975,95.350006,261390.78,1.55,3221.225,99.825,7.0,3.8249998,0.95000005,4.7250004,1.325,1.325,1.0,0.0,999.7,0.044999998,2.25,986.325,992.625,0.0,0.0,69.3,998.92505,250.0,0.975,0.0,0.0,0.2,131.567,14.57325,0.0,269.425,100.0,14674.199,5.775,4.8500004,3.2,0.0,12.230969171043748
2.625,1.2855,2816.575,910189.6,295.15,1012.8,0.0,265.225,130.6,406679.88,4.775,11402.574,98.425,7.0,4.1749997,0.65,5.375,1.9,1.9,1.0,0.0,999.825,0.015,0.75,986.475,992.725,0.0,0.0,66.1,999.025,250.0,1.125,0.0,0.0,0.125,146.5695,18.9615,0.0,270.075,99.875,14263.4,5.9,5.0,3.1,0.0,39.30146699400312
2.65,1.282,4018.85,1179544.2,354.5,2133.1,0.0,265.325,162.675,527838.3,41.675,83633.45,96.625,7.0,3.825,0.125,5.3,1.7,2.0,1.0,0.0,999.95,0.0,0.0,986.625,992.875,0.0,0.0,62.55,999.15,250.0,1.2,0.0,0.0,0.1,162.2905,21.852001,0.0,270.725,99.675,19759.725,5.9,5.025,3.15,0.0,65.4369435759
2.55,1.2795,4592.15,1329214.8,377.525,3619.3,0.0,264.75,189.4,633679.5,39.35,145886.5,99.3,7.0,3.175,0.0,5.3,0.775,2.0,1.0,0.0,1000.1,0.0,0.0,986.8,993.025,0.0,0.0,56.449997,999.3,250.0,1.1,0.0,0.0,0.1,178.48349,22.970749,0.0,271.275,100.0,30538.25,5.25,4.3,3.075,0.0,35.75048174701562
2.5,1.277,4448.75,1342203.5,361.7,2793.775,0.0,264.475,181.725,667997.9,14.174999,96403.95,99.55,7.0,2.5500002,0.0,5.3,0.125,2.0,1.0,0.0,1000.2,0.0,0.0,986.825,993.1,0.0,0.0,52.15,999.3,250.0,1.1,0.0,0.0,0.1,194.7205,22.201,0.0,271.925,100.0,41884.1,4.875,4.3500004,2.175,0.0,72.79758773740312
2.5,1.27525,4926.4,1217136.5,308.675,2364.2,0.0,264.475,152.6,601751.4,42.3,101718.65,93.75,7.0,2.1,0.0,5.3,0.0,1.7,1.0,0.0,1000.175,0.0,0.0,986.92505,993.125,0.0,0.0,49.975,999.375,250.0,1.1,0.0,0.0,0.05,210.555,19.6225,0.0,272.425,97.775,50727.3,4.6,4.35,1.4,0.0,36.81020660693125
2.6,1.275,5634.025,967915.4,224.7,2098.0,0.0,264.9,103.25,460523.78,106.225,267391.44,71.025,7.0,2.0,0.0,5.3,0.0,0.775,1.0,0.0,1000.25,0.0,0.0,987.05,993.25,0.0,0.0,51.075,999.475,250.0,1.1,0.0,0.0,0.0,225.69876,15.48725,0.0,272.6,79.55,48157.477,4.775,4.725,0.6,0.0,19.017550446128123
2.725,1.2765,5713.825,628183.0,123.075005,1705.875,0.0,265.55,67.85,307973.94,66.475,310867.47,46.725,7.0,2.0,0.0,5.3,0.0,0.125,1.0,0.0,1000.325,0.0,0.0,987.07495,993.3,0.0,0.0,55.6,999.55,250.0,1.1,0.0,0.0,0.0,240.09799,10.14625,0.0,272.55,53.925,43350.875,4.525,4.525,0.075,0.0,7.615803285137499
2.75,1.28175,5551.825,272205.6,34.3,2003.85,0.0,265.75,25.225,167528.67,15.525001,147592.88,39.5,7.0,2.0,0.0,5.3,0.0,0.0,1.0,0.5,1000.275,0.0,0.0,987.0,993.225,0.0,0.0,61.025,999.525,250.0,1.1,0.0,0.0,0.0,253.905,3.98225,0.0,272.25,46.35,45864.727,3.8,3.75,0.55,0.0,1.664768754815625
2.65,1.2895,5551.5,41784.227,0.0,1071.45,0.0,265.4,0.0,45418.3,0.0,27940.775,41.525,7.0,2.0,0.0,5.15,0.0,0.0,0.0,1.0,1000.425,0.0,0.0,987.1,993.375,0.0,0.0,67.125,999.675,250.0,1.1,0.0,0.0,0.0,267.4005,-2.6247501,0.0,271.85,43.25,43446.4,3.15,3.075,0.7,0.0,-0.0
2.6,1.293,3247.0217,0.0,0.0,885.475,0.0,265.34998,0.0,0.0,0.0,0.0,42.05,7.0,2.0,0.0,5.1,0.0,0.0,0.0,1.0,1000.6,0.0,0.0,987.225,993.525,0.0,0.0,72.675,999.875,250.0,1.1,0.0,0.0,0.0,280.93475,-9.30275,0.0,271.525,42.325,39139.176,2.45,2.3,0.875,0.0,-0.0
2.625,1.29575,5252.1304,0.0,0.0,2428.8,0.0,265.375,0.0,0.0,0.0,0.0,41.125,7.0,1.7,0.0,4.65,0.0,0.0,0.0,1.0,1000.45,0.0,0.0,987.05,993.375,0.0,0.0,77.1,999.725,250.0,1.1,0.0,0.0,0.0,294.875,-15.674,0.0,271.25,49.2,30335.5,2.35,1.6,1.675,0.0,-0.0
2.5,1.302,5783.05,0.0,0.0,4395.525,0.0,264.8,0.0,0.0,0.0,0.0,64.0,7.0,0.775,0.0,4.5,0.0,0.0,0.0,1.0,1000.2,0.0,0.0,986.825,993.2,0.0,0.0,79.0,999.6,250.0,1.1,0.0,0.0,0.0,309.553,-21.33925,0.0,271.05,84.425,19011.926,2.5749998,0.825,2.4250002,0.0,-0.0
2.325,1.30925,5385.4,0.0,0.0,3561.55,0.0,264.05,0.0,0.0,0.0,0.0,93.075,7.0,0.125,0.0,4.2749996,0.0,0.0,0.0,1.0,1000.0,0.0,0.0,986.65,993.05,0.0,0.0,80.225,999.425,250.0,1.1,0.0,0.0,0.0,325.18625,-25.874,0.0,270.85,100.0,18900.05,2.45,0.375,2.4,0.0,-0.0
2.275,1.3135,5048.9,0.0,0.0,3270.925,0.0,263.75,0.0,0.0,0.0,0.0,100.0,7.0,0.0,0.0,3.825,0.0,0.0,0.0,1.0,999.6,0.0,0.0,986.225,992.625,0.0,0.0,82.425,999.025,250.0,1.1,0.0,0.0,0.0,341.7625,-28.86525,0.0,270.4,100.0,22499.574,2.225,0.3,2.2,0.0,-0.0
2.2,1.3165,4847.3,0.0,0.0,3160.65,0.0,263.35,0.0,0.0,0.0,0.0,100.0,7.0,0.0,0.0,3.175,0.0,0.0,0.0,1.0,999.075,0.0,0.0,985.7,992.1,0.0,0.0,84.4,998.525,250.0,1.1,0.0,0.0,0.0,178.9555,-29.98675,0.0,269.7,100.0,26334.45,1.8499999,0.05,1.8499999,0.0,-0.0
2.3,1.2795,3384.275,0.0,0.0,2948.225,0.0,263.425,0.0,0.0,0.0,0.0,100.0,7.0,0.0,0.0,4.8,0.0,0.0,0.0,1.0,990.2,0.0,0.0,977.0,983.2,0.0,0.0,57.25,989.5,250.0,3.0,0.0,0.0,0.1,15.0925,-28.82425,0.0,270.925,100.0,28798.426,2.875,-2.85,0.425,0.0,-0.0
2.3,1.278,3361.85,0.0,0.0,2976.3,0.0,263.575,0.0,0.0,0.0,0.0,100.0,7.0,0.0,0.0,4.5,0.0,0.0,0.0,1.0,988.6,0.0,0.0,975.375,981.6,0.0,0.0,59.05,987.825,250.0,3.0,0.0,0.0,0.15,31.7635,-26.161251,0.0,271.1,100.0,28034.45,3.15,-3.15,-0.1,0.0,-0.0
2.35,1.2755,3101.8,0.0,0.0,2758.45,0.0,263.975,0.0,0.0,0.0,0.0,100.0,7.0,0.0,0.0,3.825,0.0,0.0,0.0,1.0,987.0,0.0,0.0,973.8,980.025,0.0,0.0,60.6,986.25,250.0,3.0,0.0,0.0,0.3,47.541,-21.8885,0.0,271.4,100.0,20759.3,3.2,-3.2,-0.15,0.0,-0.0
2.525,1.2715,2880.45,0.0,0.0,2152.65,0.0,264.75,0.0,0.0,0.0,0.0,100.0,7.0,0.0,0.0,3.2,0.0,0.0,0.0,1.0,985.625,0.0,0.0,972.45,978.65,0.0,0.0,64.525,984.85,250.0,3.0,0.0,0.0,0.32500002,62.35875,-16.40675,0.0,271.7,100.0,14031.65,3.05,-3.05,-0.1,0.0,-0.0
2.7,1.26775,2526.65,0.0,0.0,1505.8501,0.0,265.6,0.0,0.0,0.0,0.0,100.0,7.0,0.0,0.0,2.675,0.0,0.0,0.0,1.0,984.5,0.0,0.0,971.375,977.55005,0.0,0.0,68.725,983.75,250.0,3.0,0.0,0.0,0.32500002,76.399,-10.14,0.0,271.9,100.0,12225.95,2.875,-2.85,-0.275,0.0,-0.0
2.85,1.267,1959.775,0.0,0.0,1483.875,0.0,266.325,0.0,0.0,0.0,0.0,100.0,7.0,0.375,0.375,1.675,0.375,0.375,0.0,1.0,983.525,0.0,0.0,970.4,976.575,0.0,0.0,72.85,982.775,250.0,3.0749998,0.0,0.0,0.35000002,89.9775,-3.49175,0.0,272.05,100.0,9181.725,2.8,-2.8,0.1,0.0,-0.0
3.025,1.2645,2895.2,28894.75,26.1,1634.05,0.0,267.05,17.925,32294.074,0.325,601.75,99.95,7.0,0.5,0.125,1.4000001,0.5,0.5,1.0,0.25,982.5,0.0,0.0,969.4,975.55,0.0,0.0,75.35,981.75,250.0,3.1,0.0,0.0,0.2,103.458496,3.15825,0.0,272.325,100.0,12200.55,2.3,-2.2,0.65,0.0,0.3696531410281249
3.05,1.26125,4693.8,233545.42,110.725,1684.65,0.0,267.175,80.725,177648.78,10.8,20002.074,99.075005,7.0,0.5,0.0,1.4000001,0.5,0.5,1.0,0.0,981.575,0.0,0.0,968.55,974.725,0.0,0.0,72.6,980.875,250.0,3.1,0.0,0.0,0.1,117.197754,9.4375,0.0,272.65002,99.9,22337.275,1.45,-1.325,0.07499999,0.0,15.943025924240626
3.025,1.258,5113.45,585855.7,214.25,1366.85,0.0,267.05,134.6,387621.8,37.475,86888.65,98.3,7.0,0.5,0.0,1.4000001,0.125,0.5,1.0,0.0,981.125,0.0,0.0,968.1,974.225,0.0,0.0,68.649994,980.4,250.0,3.1,0.0,0.0,0.05,131.49576,14.966249,0.0,272.84998,99.325,30644.975,1.025,-0.575,-0.8,0.0,18.145275246315627
3.1,1.25175,3822.0752,938543.9,303.15002,1381.5,0.0,267.2,163.775,537035.4,85.75,221856.16,99.625,7.0,0.5,0.0,1.4000001,0.0,0.5,1.0,0.0,980.45,0.0,0.0,967.45,973.55,0.0,0.0,65.15,979.675,250.0,3.1,0.0,0.0,0.075,146.535,19.359001,0.0,273.125,99.675,32446.05,1.25,-1.0,-0.825,0.0,49.840785697140625
3.15,1.249,2176.4,1208425.2,362.55,1652.225,0.0,267.5,198.45,651984.4,33.425,214523.66,100.0,7.0,0.5,0.0,0.8,0.0,0.5,1.0,0.0,979.9,0.0,0.0,966.925,973.025,0.0,0.0,63.675,979.15,250.0,3.1,0.0,0.0,0.2,162.304,22.25075,0.0,273.525,100.0,18155.475,1.15,-0.675,-0.95,0.0,35.23377171162813
3.325,1.2475,1808.775,1357892.4,385.425,1226.6001,0.0,268.15,183.75,687984.3,9.85,77906.25,100.0,7.0,0.5,0.0,0.5,0.0,0.125,1.0,0.0,979.7,0.0,0.0,966.675,972.775,0.0,0.0,66.975,978.875,250.0,3.175,0.0,0.0,0.275,178.55075,23.365,0.0,273.55,100.0,10165.025,1.175,0.475,-1.0,0.0,52.7236910312375
3.45,1.2485,1756.8251,1370288.6,369.375,841.2,0.0,268.6,145.375,592452.9,2.975,23079.45,100.0,7.0,0.5,0.0,0.5,0.0,0.0,1.0,0.0,979.525,0.0,0.0,966.55,972.65,0.0,0.0,73.75,978.75,250.0,3.25,0.0,0.0,0.3,194.84024,22.584251,0.0,273.25,100.0,6579.375,1.75,1.475,-0.9,0.0,57.9469200819875
3.525,1.249,1625.3999,1244323.1,316.075,586.425,0.0,269.0,139.85,513415.66,5.175,14664.725,100.0,7.0,0.5,0.0,0.5,0.0,0.0,1.0,0.0,979.3,0.0,0.0,966.3,972.375,0.0,0.0,77.5,978.525,250.0,3.3,0.0,0.0,0.2,210.71875,19.990501,0.0,272.95,100.0,7515.45,2.25,2.1,-0.8,0.0,48.646151438362494
3.525,1.249,846.75,993763.06,231.625,569.7,0.0,268.975,93.7,420357.22,1.125,11402.975,100.0,7.0,0.55,0.05,0.55,0.05,0.05,1.0,0.0,978.9,0.0,0.0,965.875,971.975,0.0,0.0,77.55,978.1,250.0,3.4,0.0,0.0,0.125,225.895,15.839251,0.0,272.84998,100.0,9399.4,2.6,2.475,-0.875,0.0,28.928537994715622
3.5,1.2495,888.3,651597.0,129.025,526.15,0.0,268.775,70.875,296207.2,0.875,3616.5999,100.0,7.0,0.6,0.05,0.6,0.1,0.1,1.0,0.0,978.4,0.0,0.0,965.45,971.45,0.0,0.0,77.525,977.65,250.0,3.4,0.0,0.0,0.1,240.31575,10.483,0.0,272.75,100.0,11733.925,2.675,2.4,-1.15,0.0,6.657493774724999
3.4,1.25,603.45,289651.84,37.775,441.35,0.0,268.6,24.925,172467.0,0.1,1732.05,99.975,7.0,0.6,0.0,0.6,0.1,0.1,1.0,0.5,978.2,0.0,0.0,965.125,971.225,0.0,0.0,77.55,977.35,250.0,3.4,0.0,0.0,0.1,254.1345,4.309,0.0,272.7,100.0,15651.15,2.65,2.25,-1.375,0.0,3.3287468873624997
3.4,1.2515,690.45,48382.65,0.375,509.8,0.0,268.55,0.125,45131.824,0.0,182.65,99.825,7.0,0.225,0.0,0.6,0.05,0.1,0.25,1.0,978.2,0.0,0.0,965.1,971.2,0.0,0.0,78.4,977.35,250.0,3.4,0.0,0.0,0.0,267.63623,-2.30225,0.025,272.55,100.0,23674.6,2.575,1.85,-1.8,0.0,-0.0
3.35,1.253,809.35,107.85,0.0,553.4,0.0,268.35,0.0,245.7,0.0,0.0,98.3,7.0,0.1,0.0,0.6,0.0,0.1,0.0,1.0,978.2,0.0,0.0,965.1,971.25,0.0,0.0,79.125,977.4,250.0,3.4,0.0,0.0,0.0,281.1705,-8.97825,0.025,272.25,99.775,30376.875,2.85,1.575,-2.375,0.0,-0.0
3.3,1.255,1023.55,0.0,0.0,594.125,0.0,268.1,0.0,0.0,0.0,0.0,92.375,7.0,0.1,0.0,0.6,0.0,0.1,0.0,1.0,978.25,0.0,0.0,965.2,971.35,0.0,0.0,80.65,977.475,250.0,3.4,0.0,0.0,0.0,295.1035,-15.341249,0.0,271.825,97.9,33751.926,2.975,1.65,-2.45,0.0,-0.0
3.225,1.2585,2699.85,0.0,0.0,790.65,0.0,267.95,0.0,0.0,0.0,0.0,78.399994,7.0,0.1,0.0,0.6,0.0,0.05,0.0,1.0,978.55,0.0,0.0,965.425,971.55,0.0,0.0,84.100006,977.75,250.0,3.4,0.0,0.0,0.0,309.765,-20.99225,0.0,271.4,93.875,35080.625,2.75,1.8,-2.075,0.0,-0.0
2.975,1.2645,5631.95,0.0,0.0,2545.075,0.0,266.975,0.0,0.0,0.0,0.0,58.35,7.0,0.1,0.0,0.6,0.0,0.0,0.0,1.0,978.875,0.0,0.0,965.75,971.925,0.0,0.0,83.6,978.05,250.0,3.4,0.0,0.0,0.0,325.3685,-25.5105,0.0,271.34998,88.825,36632.125,2.05,1.575,-1.275,0.0,-0.0
2.675,1.271,6031.2,0.0,0.0,5377.9,0.0,265.65,0.0,0.0,0.0,0.0,37.45,7.0,0.1,0.0,0.6,0.0,0.0,0.0,1.0,979.25,0.0,0.0,966.125,972.3,0.0,0.0,80.825005,978.525,250.0,3.4,0.0,0.0,0.0,341.8995,-28.4845,0.0,271.5,63.55,38998.5,1.45,1.4,-0.325,0.0,-0.0
2.6,1.2745,3247.0217,0.0,0.0,4008.05,0.0,265.225,0.0,0.0,0.0,0.0,30.05,7.0,0.1,0.0,0.6,0.0,0.0,0.0,1.0,979.55,0.0,0.0,966.42505,972.625,0.0,0.0,83.0,978.875,250.0,3.4,0.0,0.0,0.0,179.03575,-29.59375,0.0,271.625,36.725,33716.977,1.325,1.1,0.675,0.0,-0.0
3.725,1.246,2304.975,0.0,0.0,730.525,0.0,269.625,0.0,0.0,0.0,0.0,100.0,7.0,1.475,0.0,2.7,0.3,1.1,0.0,1.0,975.35,0.0,0.0,962.4,968.45,0.0,0.0,84.225,974.55,250.0,3.4,0.0,0.0,0.075,15.11725,-28.425251,0.0,273.025,100.0,24253.125,3.8,2.3,-3.025,0.0,-0.0
3.6,1.248,3263.175,0.0,0.0,1012.65,0.0,269.3,0.0,0.0,0.0,0.0,100.0,7.0,1.475,0.0,2.7,0.05,0.875,0.0,1.0,975.95,0.0,0.0,962.975,969.05,0.0,0.0,83.675,975.15,250.0,3.4,0.0,0.0,0.0,31.73375,-25.76275,0.0,272.9,100.0,34691.9,3.25,2.325,-2.275,0.0,-0.0
3.6,1.25,3603.5,0.0,0.0,1154.95,0.0,269.15002,0.0,0.0,0.0,0.0,100.0,7.0,1.475,0.0,2.65,0.0,0.65000004,0.0,1.0,976.45,0.0,0.0,963.45,969.55,0.0,0.0,84.0,975.675,250.0,3.4,0.0,0.0,0.0,47.47,-21.49375,0.0,273.075,100.0,38353.85,2.6,2.4,-0.975,0.0,-0.0
3.5,1.2515,4015.65,0.0,0.0,869.95,0.0,268.875,0.0,0.0,0.0,0.0,85.125,7.0,1.475,0.0,2.3,0.0,0.3,0.0,1.0,976.975,0.0,0.0,964.025,970.1,0.0,0.0,82.425,976.25,250.0,3.4,0.0,0.0,0.0,62.261253,-16.018,0.0,273.32498,85.125,39575.227,2.375,2.35,-0.45,0.0,-0.0
3.325,1.2545,4124.8,0.0,0.0,635.525,0.0,268.225,0.0,0.0,0.0,0.0,41.875,7.0,1.475,0.0,1.675,0.0,0.05,0.0,1.0,977.675,0.0,0.0,964.7,970.8,0.0,0.0,80.025,976.95,250.0,3.4,0.0,0.0,0.0,76.287,-9.75575,0.0,273.34998,41.875,40597.977,2.15,2.1,-0.475,0.0,-0.0
3.125,1.2585,3247.0217,0.0,0.0,736.8,0.0,267.55,0.0,0.0,0.0,0.0,13.95,7.0,1.175,0.0,1.475,0.0,0.0,0.0,1.0,978.3,0.0,0.0,965.3,971.4,0.0,0.0,80.6,977.6,250.0,3.4,0.0,0.0,0.0,89.86175,-3.1087499,0.0,273.17502,13.95,39821.2,1.9,1.9,-0.049999997,0.0,-0.0
3.2,1.26025,3247.0217,34681.875,29.849998,925.75,0.0,267.775,21.45,38632.273,18.425,33169.453,25.0,7.0,1.1,0.0,1.475,0.0,0.0,1.0,0.25,978.925,0.0,0.0,965.875,972.025,0.0,0.0,84.75,978.175,250.0,3.4,0.0,0.0,0.0,103.34775,3.5425,0.0,273.05,25.0,36707.074,2.2,2.025,0.925,0.0,-0.0
3.35,1.2595,1687.9054,252648.7,117.375,856.675,0.0,268.375,63.550003,152982.28,70.025,159230.6,48.375,7.0,0.875,0.0,1.475,0.0,0.0,1.0,0.0,979.65,0.0,0.0,966.6,972.7,0.0,0.0,85.625,978.9,250.0,3.4,0.0,0.0,0.0,117.101746,9.826,0.0,272.925,48.375,34217.9,2.75,2.25,1.6,0.0,2.2554734008078126
3.4,1.25525,1197.75,612153.0,221.975,902.75,0.0,268.6,105.7,304618.3,109.025,322320.3,72.075,7.0,0.65000004,0.0,1.475,0.0,0.0,1.0,0.0,980.4,0.0,0.0,967.35,973.45,0.0,0.0,79.675,979.6,250.0,3.4,0.0,0.0,0.0,131.42525,15.36075,0.0,272.9,72.075,34551.45,2.95,2.4,1.725,0.0,4.510946801615625
3.45,1.25025,1247.0,967007.6,311.15002,825.69995,0.0,268.6,138.075,438803.2,144.375,456144.44,68.025,7.0,0.3,0.0,1.475,0.0,0.0,1.0,0.0,981.075,0.0,0.0,968.025,974.125,0.0,0.0,72.575,980.25,250.0,3.4,0.0,0.0,0.0,146.5015,19.75725,0.0,273.4,68.025,30618.574,3.4,3.175,1.15,0.0,1.74871875115
3.5,1.2465,4070.2805,1237338.1,370.575,617.75,0.0,268.725,124.55,472751.56,223.275,661795.7,68.25,7.0,0.05,0.0,1.475,0.0,0.0,1.0,0.0,981.7,0.0,0.0,968.65,974.75,0.0,0.0,67.675,980.85,250.0,3.4,0.0,0.0,0.0,162.31876,22.65025,0.0,274.05,68.25,23811.398,4.3,4.275,-0.19999999,0.0,5.0730817277531255
3.6,1.245,4598.2,1386563.5,393.3,587.9,0.0,269.1,157.25,507244.1,149.175,670422.56,80.225,7.0,0.0,0.0,1.475,0.0,0.0,1.0,0.0,982.125,0.0,0.0,969.15,975.225,0.0,0.0,66.9,981.325,250.0,3.4,0.0,0.0025,0.0,178.62,23.75975,0.0,274.525,80.225,24932.55,4.775,4.6749997,-1.025,0.0,16.229950155896873
3.7,1.2444999,4888.45,1398351.8,377.05,619.65,0.0,269.525,166.05,581931.44,118.025,480949.2,73.175,7.0,0.0,0.0,1.475,0.0,0.0,1.0,0.0,982.5,0.0,0.0,969.525,975.6,0.0,0.0,68.025,981.7,250.0,3.5,0.0,0.0075,0.0,194.96225,22.9675,0.0,274.725,73.175,31744.324,4.775,4.6,-1.2,0.0,32.2234309696875
3.5749998,1.24675,4310.5,1271494.0,323.45,657.05,0.0,269.125,147.625,564617.2,128.425,443581.0,86.350006,7.0,0.0,0.0,1.475,0.0,0.0,1.0,0.0,983.075,0.0,0.0,970.125,976.2,0.0,0.0,67.6,982.325,250.0,3.6,0.0,0.0,0.0,210.885,20.3585,0.0,274.475,86.350006,29179.125,4.75,4.425,-1.775,0.0,13.741421999415623
3.475,1.2485,3931.7,1019632.4,238.575,724.9,0.0,268.65,120.925,483414.2,77.875,371310.38,84.075,7.0,0.0,0.0,1.475,0.0,0.0,1.0,0.0,983.8,0.0,0.0,970.8,976.9,0.0,0.0,65.8,983.0,250.0,3.65,0.0,0.0,0.1,226.0935,16.19025,0.0,274.4,84.075,25747.55,4.925,4.475,-2.025,0.0,14.875969154800002
3.45,1.25,4319.55,675142.06,135.025,782.225,0.0,268.625,75.9,354342.66,41.975,215731.78,81.5,7.0,0.0,0.0,1.475,0.0,0.0,1.0,0.0,984.45,0.0,0.0,971.45,977.55,0.0,0.0,65.850006,983.65,250.0,3.7,0.0,0.0,0.05,240.53525,10.8205,0.0,274.375,81.5,26423.45,4.85,4.6,-1.525,0.0,29.215319964975002
3.45,1.252,4362.7,307516.44,41.375,822.5,0.0,268.625,30.825,192101.34,13.299999,99474.07,79.425,7.0,0.0,0.0,1.475,0.0,0.0,1.0,0.5,984.95,0.0,0.0,971.95,978.05,0.0,0.0,67.65,984.175,250.0,3.8,0.0,0.0,0.0,254.36575,4.636,0.0,274.3,79.425,34660.875,4.325,4.3,-0.15,0.0,8.613068687181249
3.4,1.2555,3247.0217,55852.375,0.975,897.85,0.0,268.35,1.125,57462.926,0.0,23908.727,63.0,7.0,0.0,0.0,1.175,0.0,0.0,0.25,1.0,985.55,0.0,0.0,972.525,978.65,0.0,0.0,69.55,984.8,250.0,3.725,0.0,0.0,0.0,267.87302,-1.97975,0.0,273.9,63.5,37556.875,4.775,4.6,1.2,0.0,4.3065343435906245
3.4,1.2605,3163.6055,271.725,0.0,906.15,0.0,268.6,0.0,2003.275,0.0,0.0,71.9,7.0,0.67499995,0.67499995,1.775,0.67499995,0.67499995,0.0,1.0,986.25,0.0375,2.25,973.175,979.3,0.0,0.0,76.25,985.5,250.0,3.75,0.0,0.0,0.025,281.40674,-8.65375,0.0,273.05,74.575,30790.9,5.0,4.475,2.2,0.0,-0.0
3.4,1.2635,2671.35,0.0,0.0,683.025,0.0,268.5,0.0,0.0,0.0,0.0,88.1,7.0,2.85,2.175,3.75,2.85,2.85,0.0,1.0,986.925,0.125,3.0,973.825,979.975,0.0,0.0,79.375,986.175,250.0,4.125,0.0,0.0,0.075,295.33276,-15.00775,0.0,272.375,91.975,22964.9,4.95,4.6,1.8499999,0.0,-0.0
3.4,1.2645,1897.2,0.0,0.0,721.45,0.0,268.4,0.0,0.0,0.0,0.0,64.85,7.0,4.3999996,1.55,5.025,4.3999996,4.3999996,0.0,1.0,987.475,0.09,3.0,974.35,980.55,0.0,0.0,79.35,986.725,250.0,4.65,0.0,0.0,0.0,309.9775,-20.6455,0.0,272.35,71.875,29322.025,4.85,4.65,1.45,0.0,-0.0
3.4250002,1.265,3247.0217,0.0,0.0,1094.95,0.0,268.6,0.0,0.0,0.0,0.0,39.925,7.0,4.7,0.3,5.025,4.025,4.7,0.0,1.0,988.15,0.0175,0.75,975.0,981.15,0.0,0.0,79.25,987.35,250.0,4.9,0.0,0.0,0.0,325.55124,-25.1465,0.0,272.75,41.899998,31218.324,4.95,4.75,1.55,0.0,-0.0
3.45,1.266,4797.7803,0.0,0.0,2231.775,0.0,268.7,0.0,0.0,0.0,0.0,51.45,7.0,4.7,0.0,4.75,1.85,4.7,0.0,1.0,988.8,0.0,0.0,975.675,981.825,0.0,0.0,79.05,988.025,250.0,4.9,0.0,0.0,0.0,342.03748,-28.10375,0.0,273.1,57.699997,37368.6,4.3,3.95,1.725,0.0,-0.0
3.4,1.26825,5009.65,0.0,0.0,2887.975,0.0,268.4,0.0,0.0,0.0,0.0,93.9,7.0,4.7,0.0,4.7,0.3,4.7,0.0,1.0,989.69995,0.0,0.0,976.55005,982.725,0.0,0.0,78.975,988.94995,250.0,4.9,0.0,0.0,0.0,179.1165,-29.20075,0.0,273.1,98.125,35638.273,3.725,3.4250002,1.425,0.0,-0.0
3.6,1.263,4675.5,0.0,0.0,652.05,0.0,269.2,0.0,0.0,0.0,0.0,96.1,7.0,6.95,0.1,7.425,0.55,3.525,0.0,1.0,989.6,0.0,0.0,976.5,982.65,0.0,0.0,77.525,988.825,250.0,3.6,0.0,0.0,0.0,15.1425,-28.02525,0.0,273.4,99.5,33941.55,4.675,4.625,0.0,0.0,-0.0
3.625,1.2625,4374.5996,0.0,0.0,1217.525,0.0,269.225,0.0,0.0,0.0,0.0,99.0,7.0,6.95,0.0,7.425,0.45000002,1.825,0.0,1.0,990.44995,0.0,0.0,977.3,983.425,0.0,0.0,75.875,989.625,250.0,3.6,0.0,0.0,0.025,31.70525,-25.362751,0.0,273.45,99.825005,29464.275,4.975,4.75,-1.375,0.0,-0.0
3.7,1.2625,4614.475,0.0,0.0,1993.4,0.0,269.45,0.0,0.0,0.0,0.0,96.4,7.0,6.95,0.0,7.425,0.1,0.75,0.0,1.0,991.25,0.0,0.0,978.075,984.25,0.0,0.0,76.1,990.425,250.0,3.675,0.0,0.0,0.025,47.4005,-21.0985,0.0,273.45,98.575,30021.7,5.1,4.8500004,-1.6,0.0,-0.0
3.7,1.264,4742.525,0.0,0.0,1323.9,0.0,269.525,0.0,0.0,0.0,0.0,94.55,7.0,6.95,0.0,7.425,0.0,0.55,0.0,1.0,992.05005,0.0,0.0,978.9,985.075,0.0,0.0,78.4,991.25,250.0,3.7,0.0,0.0,0.025,62.16475,-15.628,0.0,273.15002,98.025,27174.775,5.0,4.75,-1.55,0.0,-0.0
3.7,1.26575,4627.2,0.0,0.0,1106.575,0.0,269.7,0.0,0.0,0.0,0.0,99.625,7.0,6.95,0.0,7.425,0.0,0.45000002,0.0,1.0,993.05005,0.0,0.0,979.9,986.1,0.0,0.0,80.25,992.3,250.0,3.725,0.0,0.0,0.1,76.17625,-9.37,0.0,273.1,100.0,25177.9,4.65,4.45,-1.325,0.0,-0.0
3.75,1.26675,4082.6,0.0,0.0,465.7,0.0,269.725,0.0,0.0,0.0,0.0,99.825005,7.0,5.0,0.0,7.425,0.0,0.1,0.0,1.0,993.94995,0.0,0.0,980.75,986.94995,0.0,0.0,80.125,993.15,250.0,3.8,0.0,0.0,0.1,89.7465,-2.725,0.0,273.0,100.0,23048.0,4.3,4.1749997,-1.025,0.0,-0.0
3.775,1.26825,3105.6,40695.0,33.75,848.5,0.0,269.75,26.05,46913.023,0.2,331.6,99.925,7.0,3.9,0.375,7.575,0.375,0.375,1.0,0.25,994.925,0.0,0.0,981.725,987.9,0.0,0.0,80.4,994.125,250.0,3.875,0.0,0.0,0.1,103.238,3.92825,0.0,272.84998,100.0,21740.176,4.1749997,4.1,-0.625,0.0,0.186515622771875
3.7,1.269,2585.225,272412.44,124.149994,1104.8,0.0,269.7,75.524994,182857.08,2.125,4185.2,100.0,7.0,2.6,0.375,7.7,0.75,0.75,1.0,0.0,996.05,0.0,0.0,982.85,989.025,0.0,0.0,79.7,995.25,250.0,3.975,0.0,0.0,0.1,117.0065,10.2155,0.025,272.775,100.0,20954.725,4.05,4.025,-0.52500004,0.0,0.647953124065625
3.8,1.2685001,2285.65,638718.6,229.775,361.075,0.0,269.8,102.7,320758.4,3.0749998,9353.0,100.0,7.0,1.525,0.0,7.7,0.75,0.75,1.0,0.0,997.19995,0.0,0.0,983.94995,990.15,0.0,0.0,78.625,996.35,250.0,4.075,0.0,0.0,0.1,131.35526,15.755251,0.075,272.95,100.0,20599.125,4.2,4.075,-1.05,0.0,0.620568764159375
3.85,1.26775,2722.875,995562.6,319.2,397.575,0.0,270.05,160.15,473084.6,12.7,28360.625,100.0,7.0,1.3,0.0,7.7,0.375,0.75,1.0,0.0,998.25,0.0,0.0,985.05,991.25,0.0,0.0,77.15,997.45,250.0,4.1,0.0,0.0,0.1,146.469,20.157,0.0,273.2,100.0,22921.725,4.675,4.375,-1.65,0.0,3.444393950171875
3.825,1.267,2820.8,1266268.2,378.575,479.5,0.0,269.925,184.875,621052.7,30.400002,77538.2,99.7,7.0,1.2,0.0,7.7,0.0,0.75,1.0,0.0,999.45,0.0,0.0,986.25,992.425,0.0,0.0,73.7,998.65,250.0,4.1499996,0.0,0.0,0.1,162.3345,23.050499,0.0,273.45,100.0,24328.9,5.225,4.45,-2.65,0.0,9.916306306925
3.775,1.26775,4134.625,1415215.0,401.175,550.0,0.0,269.8,189.22499,673404.3,50.075,144838.28,97.925,7.0,0.85,0.0,7.7,0.0,0.75,1.0,0.0,1000.575,0.0,0.0,987.30005,993.5,0.0,0.0,71.775,999.69995,250.0,4.3,0.0,0.0,0.05,178.69049,24.15475,0.0,273.6,99.675,26876.676,5.9,4.775,-3.4250002,0.0,28.850122552278126
3.775,1.269,3220.175,1426381.1,384.725,498.025,0.0,269.8,183.7,671240.06,66.775,210341.28,92.575,7.0,0.75,0.0,7.7,0.0,0.375,1.0,0.0,1001.625,0.0,0.0,988.375,994.55,0.0,0.0,70.675,1000.775,250.0,4.45,0.0,0.005,0.0,195.086,23.35125,0.0,273.625,97.225,32736.75,5.875,4.9,-3.2,0.0,18.692100795368752
3.675,1.27,3046.125,1298637.4,330.85,450.75,0.0,269.4,167.475,632066.0,79.225,262810.47,88.65,7.0,0.75,0.0,7.7,0.0,0.0,1.0,0.0,1002.725,0.0,0.0,989.5,995.69995,0.0,0.0,67.7,1001.925,250.0,4.5,0.0,0.01,0.0,211.05325,20.72675,0.0,273.7,93.175,32583.475,5.825,4.9,-3.15,0.0,42.842603989009376
3.6,1.27125,4648.5,1045510.8,245.525,535.975,0.0,269.3,137.675,549265.0,38.275,211473.7,87.125,7.0,0.75,0.0,7.7,0.0,0.0,1.0,0.0,1003.80005,0.0,0.0,990.6,996.80005,0.0,0.0,66.775,1003.025,250.0,4.6,0.0,0.01,0.05,226.2935,16.5415,0.0,273.7,90.0,30655.6,6.05,4.775,-3.65,0.0,18.73026569558125
3.55,1.273,4371.93,698800.9,141.1,784.475,0.0,269.025,77.65,387580.47,52.425,163209.17,69.8,7.0,0.75,0.0,7.7,0.0,0.0,1.0,0.0,1004.85,0.0,0.0,991.6,997.8,0.0,0.0,66.3,1004.05005,250.0,4.6,0.0,0.0075,0.0,240.75626,11.15725,0.0,273.625,73.575,33511.426,5.5,4.5,-3.125,0.0,29.87929996657812
3.7,1.2757499,4746.9,325778.75,45.125,751.9,0.0,269.375,31.825,197027.22,15.475,122222.98,57.699997,7.0,0.75,0.0,7.7,0.0,0.0,1.0,0.5,1005.825,0.0,0.0,992.55,998.775,0.0,0.0,70.0,1005.05,250.0,4.625,0.0,0.0,0.0,254.599,4.9624996,0.0,273.625,61.1,36866.273,4.7,3.95,-2.55,0.0,5.317672000637501
3.6,1.2785,3247.0217,63552.95,1.55,825.05005,0.0,269.25,1.5,59973.7,0.0,27857.05,51.3,7.0,0.925,0.15,5.975,0.15,0.15,0.25,1.0,1006.9,0.0,0.0,993.6,999.85,0.0,0.0,70.6,1006.125,250.0,4.7,0.0,0.0,0.0,268.11075,-1.657,0.0,273.575,53.95,37947.05,4.05,3.45,-2.1,0.0,2.6588360003187503
3.6,1.2815,3247.0217,435.375,0.0,1032.2,0.0,269.1,0.0,2709.75,0.0,0.0,42.875,7.0,0.6,0.05,4.5,0.2,0.2,0.0,1.0,1007.9,0.0,0.0,994.575,1000.85,0.0,0.0,72.1,1007.125,250.0,4.7,0.0,0.0,0.0,281.64423,-8.329,0.0,273.3,44.15,36509.074,3.35,3.15,-1.175,0.0,-0.0
3.625,1.2845,3247.0217,0.0,0.0,1030.025,0.0,269.25,0.0,0.0,0.0,0.0,38.175,7.0,0.575,0.375,3.225,0.575,0.575,0.0,1.0,1008.8,0.0,0.0,995.425,1001.675,0.0,0.0,76.1,1007.975,250.0,4.775,0.0,0.0,0.0,295.5625,-14.67475,0.0,273.1,39.524998,35305.2,3.05,3.025,0.25,0.0,-0.0
3.7,1.28825,3247.0217,0.0,0.0,1419.9,0.0,269.5,0.0,0.0,0.0,0.0,24.0,7.0,0.7,0.125,2.225,0.55,0.7,0.0,1.0,1009.6,0.0,0.0,996.225,1002.5,0.0,0.0,80.05,1008.825,250.0,4.9,0.0,0.0,0.0,310.1905,-20.29775,0.0,272.825,24.525,38158.176,3.025,2.8,1.15,0.0,-0.0
3.675,1.29125,3247.0217,0.0,0.0,1799.9,0.0,269.45,0.0,0.0,0.0,0.0,29.35,7.0,0.7,0.0,2.0,0.5,0.7,0.0,1.0,1010.5,0.0,0.0,997.15,1003.45,0.0,0.0,81.375,1009.8,250.0,4.9,0.0,0.0,0.0,325.73425,-24.78225,0.0,272.475,30.15,38774.176,3.225,2.75,1.675,0.0,-0.0
3.6,1.2945,4469.805,0.0,0.0,1060.3251,0.0,269.2,0.0,0.0,0.0,0.0,50.35,7.0,0.7,0.0,1.9,0.125,0.7,0.0,1.0,1011.325,0.0,0.0,997.9,1004.2,0.0,0.0,82.925,1010.6,250.0,4.9,0.0,0.0,0.0,342.1755,-27.72275,0.0,271.9,52.175,35882.273,3.55,2.7,2.25,0.0,-0.0
3.475,1.29775,5041.4,0.0,0.0,1051.8,0.0,268.85,0.0,0.0,0.0,0.0,68.4,7.0,0.7,0.0,1.575,0.0,0.55,0.0,1.0,1012.125,0.0,0.0,998.675,1005.025,0.0,0.0,84.6,1011.375,250.0,4.9,0.0,0.0,0.0,179.198,-28.8065,0.0,271.35,72.075,31829.475,3.55,2.475,2.5749998,0.0,-0.0
3.4250002,1.3015,3247.0217,0.0,0.0,1891.45,0.0,268.625,0.0,0.0,0.0,0.0,30.95,7.0,0.2,0.0,2.25,0.05,0.2,0.0,1.0,1013.025,0.0,0.0,999.575,1005.925,0.0,0.0,84.925,1012.3,250.0,2.6,0.0,0.0,0.0,15.169,-27.62475,0.0,271.05,30.95,28539.9,3.35,2.4,2.325,0.0,-0.0
3.25,1.3055,3247.0217,0.0,0.0,3332.2,0.0,268.05,0.0,0.0,0.0,0.0,12.174999,7.0,0.2,0.0,1.95,0.0,0.2,0.0,1.0,1013.55,0.0,0.0,1000.05,1006.45,0.0,0.0,84.925,1012.85,250.0,2.6,0.0,0.0,0.0,31.678,-24.96275,0.0,270.65,12.174999,33344.727,3.05,1.55,2.6,0.0,-0.0
3.1,1.30975,3247.0217,0.0,0.0,155.6,0.0,267.4,0.0,0.0,0.0,0.0,4.55,7.0,0.2,0.0,1.95,0.0,0.2,0.0,1.0,1013.9,0.0,0.0,1000.45,1006.85,0.0,0.0,84.475,1013.25,250.0,2.6,0.0,0.0,0.0,47.33225,-20.70275,0.0,270.275,4.55,34850.17,2.75,1.1750001,2.5,0.0,-0.0
2.9,1.31375,3247.0217,0.0,0.0,125.0,0.0,266.6,0.0,0.0,0.0,0.0,6.675,7.0,0.2,0.0,1.95,0.0,0.05,0.0,1.0,1014.2,0.0,0.0,1000.75,1007.15,0.0,0.0,83.6,1013.6,250.0,2.6,0.0,0.0,0.0,62.0695,-15.237749,0.0,270.0,6.675,30565.0,2.375,1.0,2.15,0.0,-0.0
2.7,1.3185,3247.0217,0.0,0.0,57.199997,0.0,265.8,0.0,0.0,0.0,0.0,8.725,7.0,0.2,0.0,1.175,0.0,0.0,0.0,1.0,1014.575,0.0,0.0,1001.075,1007.5,0.0,0.0,83.45,1013.95,250.0,2.6,0.0,0.0,0.0,76.0665,-8.984,0.0,269.8,8.725,22738.074,1.9499999,0.725,1.825,0.0,-0.0
2.5,1.32425,3247.0217,90.725,0.325,29.1,0.0,264.95,0.325,590.025,0.0,0.0,10.225,7.0,0.2,0.0,0.2,0.0,0.0,0.25,1.0,1014.9,0.0,0.0,1001.425,1007.875,0.0,0.0,84.3,1014.375,250.0,2.6,0.0,0.0,0.0,89.63275,-2.34025,0.0,269.65002,10.225,19749.15,1.625,0.25,1.6,0.0,-0.0
2.4,1.328,3247.0217,48041.676,37.825,29.075,0.0,264.45,26.25,47851.25,22.9,41205.3,8.9,7.0,0.2,0.0,0.2,0.0,0.0,1.0,0.0,1015.35,0.0,0.0,1001.825,1008.3,0.0,0.0,84.75,1014.8,250.0,2.6,0.0,0.0,0.0,103.128494,4.31425,0.0,269.5,8.95,17209.176,1.475,-0.05,1.475,0.0,3.52791269219375
2.5,1.324,3247.0217,292816.2,131.075,55.4,0.0,264.925,62.525,159857.88,84.3,192936.33,10.425,7.0,0.2,0.0,0.2,0.0,0.0,1.0,0.0,1015.75,0.0,0.0,1002.2,1008.65,0.0,0.0,82.175,1015.15,250.0,2.6,0.0,0.0,0.0,116.91175,10.6055,0.0,269.475,10.6,24405.55,1.3,-0.35000002,1.225,0.0,26.860334142987504
2.75,1.31275,3247.0217,665525.06,237.575,110.2,0.0,266.0,86.85,268873.53,156.95,434224.6,11.3,7.0,0.2,0.0,0.2,0.0,0.0,1.0,0.0,1016.0,0.0,0.0,1002.5,1008.9,0.0,0.0,75.275,1015.35,250.0,2.6,0.0,0.0,0.0,131.286,16.151001,0.0,270.025,11.3,35922.2,1.35,-1.175,0.375,0.0,55.6472783685125
3.15,1.2985001,3247.0217,1024191.1,327.2,128.1,0.0,267.4,97.425,331594.03,238.25,711337.0,5.7,7.0,0.05,0.0,0.2,0.0,0.0,1.0,0.0,1015.925,0.0,0.0,1002.475,1008.8,0.0,0.0,68.8,1015.15,250.0,2.6,0.0,0.0,0.0,146.4375,20.556751,0.0,271.2,5.75,36593.176,2.0500002,-1.9,-0.75,0.0,79.36387535914062
3.325,1.28825,3247.0217,1295200.9,386.6,29.5,0.0,268.125,84.175,326861.94,324.675,1013230.06,1.4,7.0,0.0,0.0,0.2,0.0,0.0,1.0,0.0,1015.6,0.0,0.0,1002.175,1008.45,0.0,0.0,60.75,1014.75,250.0,2.6,0.0,0.0075,0.0,162.35175,23.45125,0.0,272.95,1.5,43160.426,3.0,-2.85,-0.875,0.0,104.49468201401248
3.075,1.28,3247.0217,1443834.1,409.05,29.5,0.0,267.2,79.775,295132.1,357.425,1227748.8,4.95,7.0,0.0,0.0,0.2,0.0,0.0,1.0,0.0,1015.15,0.0,0.0,1001.875,1008.15,0.0,0.0,47.75,1014.4,250.0,2.6,0.0,0.024999999,0.0,178.76276,24.550251,0.0,274.65,8.725,41551.1,3.875,-3.875,-0.20000002,0.0,100.13567468525939
2.875,1.2855,4877.7305,71506.73,2.15,5149.4,0.0,266.275,1.775,51621.9,0.0,71143.945,37.4,7.0,0.0,0.0,0.2,0.0,0.0,0.25,1.0,1012.35,0.0,0.0,999.025,1005.3,0.0,0.0,47.375,1011.6,250.0,2.5,0.0,0.0,0.0,268.35,-1.33475,0.0,274.15,40.1,51843.875,3.525,-3.35,1.1,0.0,0.8162484700953124
2.775,1.288,5295.025,598.825,0.0,4981.65,0.0,265.725,0.0,3216.775,0.0,0.0,96.075,7.0,0.0,0.0,0.2,0.0,0.0,0.0,1.0,1012.075,0.0,0.0,998.725,1005.0,0.0,0.0,50.025,1011.325,250.0,2.4,0.0,0.0,0.0,281.88202,-8.00425,0.0,273.45,96.9,50623.9,3.75,-3.575,1.1,0.0,-0.0
2.7,1.28725,4867.85,0.0,0.0,4425.975,0.0,265.375,0.0,0.0,0.0,0.0,100.0,7.0,0.0,0.0,0.2,0.0,0.0,0.0,1.0,1011.425,0.0,0.0,998.1,1004.4,0.0,0.0,49.65,1010.7,250.0,2.4,0.0,0.0,0.0,295.793,-14.34125,0.0,273.25,100.0,50736.375,4.15,-3.975,1.2,0.0,-0.0
2.75,1.28425,4022.375,0.0,0.0,3564.4,0.0,265.55,0.0,0.0,0.0,0.0,100.0,7.0,0.0,0.0,0.2,0.0,0.0,0.0,1.0,1010.7,0.0,0.0,997.375,1003.625,0.0,0.0,49.15,1009.925,250.0,2.4,0.0,0.0,0.05,310.4035,-19.95075,0.0,273.55,100.0,46334.926,4.55,-4.25,1.55,0.0,-0.0
2.8,1.28125,3186.15,0.0,0.0,2827.025,0.0,266.0,0.0,0.0,0.0,0.0,100.0,7.0,0.0,0.0,0.05,0.0,0.0,0.0,1.0,1010.0,0.0,0.0,996.725,1003.0,0.0,0.0,49.675,1009.275,250.0,2.4,0.0,0.0,0.1,325.91724,-24.417,0.0,273.84998,100.0,37609.176,4.975,-4.525,2.05,0.0,-0.0
2.9,1.27925,3309.675,0.0,0.0,2710.4,0.0,266.25,0.0,0.0,0.0,0.0,100.0,7.0,0.0,0.0,0.0,0.0,0.0,0.0,1.0,1009.1,0.0,0.0,995.85,1002.075,0.0,0.0,50.1,1008.35,250.0,2.4,0.0,0.0,0.1,342.31424,-27.341,0.0,274.0,100.0,35597.15,5.45,-4.7,2.775,0.0,-0.0
3.0,1.27775,3400.05,0.0,0.0,2641.625,0.0,266.75,0.0,0.0,0.0,0.0,100.0,7.0,0.0,0.0,0.0,0.0,0.0,0.0,1.0,1008.125,0.0,0.0,994.9,1001.15,0.0,0.0,52.2,1007.4,250.0,2.4,0.0,0.0075,0.1,179.28024,-28.412,0.0,274.1,100.0,35390.85,5.525,-4.575,3.075,0.0,-0.0
3.15,1.2755,4155.475,0.0,0.0,2006.7,0.0,267.4,0.0,0.0,0.0,0.0,99.9,7.0,0.0,0.0,0.0,0.0,0.0,0.0,1.0,1006.125,0.0,0.0,992.9,999.125,0.0,0.0,56.0,1005.375,250.0,0.8,0.0,0.0,0.075,15.196,-27.22425,0.0,274.2,100.0,34737.625,4.95,-4.45,2.2,0.0,-0.0
3.225,1.274,3759.75,0.0,0.0,1484.675,0.0,267.725,0.0,0.0,0.0,0.0,100.0,7.0,0.0,0.0,0.0,0.0,0.0,0.0,1.0,1005.075,0.0,0.0,991.875,998.075,0.0,0.0,57.85,1004.325,250.0,0.8,0.0,0.0,0.175,31.65225,-24.562,0.0,274.25,100.0,23458.85,4.9,-4.45,2.025,0.0,-0.0
3.3,1.2722499,2992.15,0.0,0.0,1871.65,0.0,268.0,0.0,0.0,0.0,0.0,100.0,7.0,0.0,0.0,0.0,0.0,0.0,0.0,1.0,1003.85,0.0,0.0,990.625,996.85,0.0,0.0,58.9,1003.05,250.0,0.8,0.0,0.005,0.3,47.2655,-20.30575,0.0,274.32498,100.0,17777.676,4.925,-4.55,1.875,0.0,-0.0
3.3,1.2705,2612.125,0.0,0.0,1855.3999,0.0,268.15002,0.0,0.0,0.0,0.0,100.0,7.0,0.0,0.0,0.0,0.0,0.0,0.0,1.0,1002.675,0.0,0.0,989.5,995.69995,0.0,0.0,59.35,1001.95,250.0,0.8,0.0,0.01,0.35000002,61.97525,-14.8465,0.0,274.425,100.0,15622.8,4.8500004,-4.5,1.8,0.0,-0.0
3.3,1.269,2595.5,0.0,0.0,1866.525,0.0,268.2,0.0,0.0,0.0,0.0,100.0,7.0,0.0,0.0,0.0,0.0,0.0,0.0,1.0,1001.6,0.0,0.0,988.4,994.6,0.0,0.0,59.45,1000.80005,250.0,0.8,0.0,0.01,0.425,75.95775,-8.597,0.0,274.525,100.0,17364.676,4.8,-4.4,1.8249999,0.0,-0.0
3.3,1.2674999,3022.6,285.95,1.025,1742.525,0.0,268.2,0.475,865.1,0.0,0.0,100.0,7.0,0.0,0.0,0.0,0.0,0.0,0.25,1.0,1000.6,0.0,0.0,987.4,993.575,0.0,0.0,59.2,999.80005,250.0,0.8,0.0,0.01,0.475,89.51925,-1.955,0.0,274.625,100.0,23342.074,4.8,-4.4,1.9,0.0,-0.0
3.3,1.266,3570.65,56927.4,42.125,1675.8,0.0,268.2,18.65,34435.45,0.1,199.575,99.6,7.0,0.0,0.0,0.0,0.0,0.0,1.0,0.0,999.7,0.0,0.0,986.425,992.6,0.0,0.0,58.45,998.8,250.0,0.8,0.0,0.01,0.275,103.020004,4.701,0.0,274.775,100.0,33829.45,4.725,-4.3250003,1.95,0.0,6.957859509334375
3.3,1.26325,3665.1,313833.78,138.075,1555.775,0.0,268.17502,64.8,150167.25,3.35,6245.525,99.225,7.0,0.0,0.0,0.0,0.0,0.0,1.0,0.0,998.9,0.0,0.0,985.75,991.9,0.0,0.0,56.6,998.1,250.0,0.8,0.0,0.0175,0.05,116.81775,10.99625,0.0,275.025,99.675,41989.85,4.6,-4.025,2.225,0.0,40.37937504794063
3.375,1.26025,3384.575,692545.75,245.4,1377.025,0.0,268.425,122.774994,337607.2,14.525,32207.5,100.0,7.0,0.0,0.0,0.0,0.0,0.0,1.0,0.0,998.2,0.0,0.0,985.1,991.275,0.0,0.0,55.825,997.425,250.0,0.8,0.0,0.02,0.0,131.217,16.547,0.0,275.3,100.0,37704.023,4.275,-3.825,1.8249999,0.0,31.628665976253124
3.5,1.2572501,2888.2002,1052875.8,335.275,1653.8,0.0,268.75,167.0,521610.34,27.900002,76398.625,97.425,7.0,0.0,0.0,0.0,0.0,0.0,1.0,0.0,997.375,0.0,0.0,984.325,990.44995,0.0,0.0,55.6,996.6,250.0,0.8,0.0,0.024999999,0.0,146.4065,20.957,0.05,275.6,97.425,42418.6,4.15,-4.1,0.65,0.0,59.0480434150625
3.525,1.253,2361.2002,1324121.9,394.6,1930.3501,0.0,269.05,176.65,618549.0,65.075,167375.47,81.0,7.0,0.0,0.0,0.0,0.0,0.0,1.0,0.0,996.44995,0.0,0.0,983.375,989.5,0.0,0.0,54.1,995.65,250.0,0.8,0.0,0.03,0.0,162.36975,23.85225,0.05,276.225,81.0,47198.875,4.45,-4.375,0.925,0.0,121.34936732060314
3.65,1.2485,2481.125,1472408.4,416.925,2065.3,0.0,269.45,149.675,587354.9,142.525,373633.7,67.0,7.0,0.0,0.0,0.0,0.0,0.0,1.0,0.0,995.65,0.0,0.0,982.65,988.75,0.0,0.0,52.625,994.85,250.0,0.775,0.0,0.122499995,0.0,178.83649,24.946,0.0,277.125,67.0,50309.35,4.15,-3.8999999,1.4,0.0,94.39947406210312
3.775,1.245,3466.1,1482291.0,400.05,1482.025,0.0,270.0,161.175,559535.6,119.15,471012.8,79.85,7.0,0.0,0.0,0.0,0.0,0.0,1.0,0.0,995.05,0.0,0.0,982.15,988.2,0.0,0.0,51.925,994.3,250.0,0.7,0.0,0.122499995,0.0,195.3395,24.1195,0.0,277.925,80.649994,50446.324,3.625,-3.025,1.975,0.0,117.99805054064373
3.95,1.243,5444.65,1352797.2,345.6,1887.2251,0.0,270.6,124.95,515009.2,97.625,390225.84,75.524994,7.0,0.0,0.0,0.0,0.0,0.0,1.0,0.0,994.6,0.0,0.0,981.725,987.775,0.0,0.0,52.4,993.875,250.0,0.65,0.0,0.1075,0.0,211.39525,21.463,0.0,278.5,82.45,49960.375,2.65,-2.25,1.375,0.0,86.57990427322189
4.1499996,1.24275,7375.2,1097247.2,259.45,2460.475,0.0,271.25,107.1,417635.0,97.375,350975.1,67.575,7.0,0.0,0.0,0.0,0.0,0.0,1.0,0.0,994.55,0.0,0.0,981.65,987.75,0.0,0.0,54.5,993.85,250.0,0.625,0.0,0.1,0.0,226.7,17.24375,0.0,278.84998,85.674995,49372.227,2.125,-2.0,0.575,0.0,95.36569210885938
4.3,1.2425001,6390.65,746393.8,153.4,1176.7,0.0,271.725,78.925,334847.84,55.050003,274396.38,75.05,7.0,0.0,0.0,0.0,0.0,0.0,1.0,0.0,994.225,0.0,0.0,981.325,987.4,0.0,0.0,57.5,993.5,250.0,0.7,0.0,0.09,0.0,241.20325,11.82975,0.0,279.075,86.225,48810.125,2.65,-2.25,1.35,0.0,105.53449599451248
4.4,1.244,6196.075,363406.5,53.05,1481.85,0.0,272.0,35.15,205353.47,15.275,126630.98,76.25,7.0,0.0,0.0,0.0,0.0,0.0,1.0,0.25,994.125,0.0,0.0,981.225,987.3,0.0,0.0,60.35,993.375,250.0,0.65,0.0,0.0625,0.025,255.06851,5.61525,0.0,279.2,84.0,47997.523,2.35,-1.85,1.45,0.0,23.960394520284378
4.6,1.247,7859.0,79732.75,2.725,1369.325,0.0,272.575,2.7,68114.02,0.0,27501.4,60.574997,7.0,0.0,0.0,0.0,0.0,0.0,0.25,1.0,994.175,0.0,0.0,981.25,987.3,0.0,0.0,66.85,993.42505,250.0,0.6,0.0,0.045,0.0,268.58975,-1.01275,0.0,279.1,76.575,44668.2,2.5,-2.15,1.25,0.0,11.980197260142189
4.75,1.249,7412.1,762.3,0.0,347.9,0.0,273.025,0.0,4852.925,0.0,0.0,53.725,7.0,0.0,0.0,0.0,0.0,0.0,0.0,1.0,993.85,0.0,0.0,980.95,987.05,0.0,0.0,73.2,993.175,250.0,0.6,0.0,0.04,0.0,282.12076,-7.67925,0.0,278.75,63.95,42002.676,2.775,-2.475,1.25,0.0,-0.0
4.8250003,1.249,3630.3306,0.0,0.0,355.0,0.0,273.275,0.0,0.0,0.0,0.0,75.2,7.0,0.0,0.0,0.0,0.0,0.0,0.0,1.0,993.4,0.0,0.0,980.475,986.57495,0.0,0.0,76.3,992.675,250.0,0.6,0.0,0.0325,0.0,296.02325,-14.0075,0.0,278.5,80.15,40768.7,1.95,-1.925,0.325,0.0,-0.0
4.8500004,1.2505,3622.7002,0.0,0.0,809.75,0.0,273.3,0.0,0.0,0.0,0.0,94.775,7.0,0.0,0.0,0.0,0.0,0.0,0.0,1.0,993.6,0.0,0.0,980.7,986.8,0.0,0.0,77.15,992.9,250.0,0.6,0.0,0.03,0.05,310.61676,-19.60275,0.0,278.5,98.9,39885.75,0.95,-0.85,-0.050000004,0.0,-0.0
4.8,1.252,3458.8,0.0,0.0,1263.975,0.0,273.225,0.0,0.0,0.0,0.0,98.0,7.0,0.0,0.0,0.0,0.0,0.0,0.0,1.0,994.15,0.0,0.0,981.275,987.4,0.0,0.0,77.8,993.525,250.0,0.625,0.0,0.03,0.125,326.10025,-24.05225,0.0,278.5,99.775,29386.6,1.75,-1.025,1.35,0.0,-0.0
4.875,1.2515,3553.025,0.0,0.0,1003.42505,0.0,273.375,0.0,0.0,0.0,0.0,95.575005,7.0,0.0,0.0,0.0,0.0,0.0,0.0,1.0,994.65,0.0,0.0,981.725,987.85,0.0,0.0,78.275,993.95,250.0,0.7,0.0,0.0325,0.175,342.45276,-26.959,0.0,278.425,97.7,14508.275,2.125,-0.275,2.1,0.0,-0.0
4.9,1.253,3106.025,0.0,0.0,1544.6001,0.0,273.5,0.0,0.0,0.0,0.0,96.5,7.0,0.0,0.0,0.0,0.0,0.0,0.0,1.0,995.125,0.0,0.0,982.2,988.325,0.0,0.0,80.225,994.475,250.0,0.7,0.0,0.03,0.2,179.36299,-28.0175,0.1,278.15002,96.675,11369.6,1.775,0.35000002,1.75,0.0,-0.0
